{
  "family": "ws25-ecs-green-taskdef",
  "networkMode": "awsvpc",
  "requiresCompatibilities": ["EC2"],
  "cpu": "1024",
  "memory": "1024",
  "executionRoleArn": "<EXECUTION_ROLE_ARN>",
  "taskRoleArn": "<TASK_ROLE_ARN>",
  "containerDefinitions": [
    {
      "name": "green",
      "image": "<IMAGE_URI>",
      "cpu": 512,
      "memory": 512,
      "essential": true,
      "portMappings": [
        {
          "containerPort": 8080,
          "protocol": "tcp"
        }
      ],
      "secrets": [
        {
          "name": "DB_URL",
          "valueFrom": "/ws25/secret/DB_URL"
        },
        {
          "name": "DB_USER",
          "valueFrom": "/ws25/secret/DB_USER"
        },
        {
          "name": "DB_PASSWD",
          "valueFrom": "/ws25/secret/DB_PASSWD"
        }
      ],
      "logConfiguration": {
        "logDriver": "awsfirelens"
      }
    },
    {
      "name": "log_router",
      "image": "<FLUENTBIT_IMAGE_URI>",
      "essential": true,
      "firelensConfiguration": {
        "type": "fluentbit",
        "options": {
          "config-file-type": "file",
          "config-file-value": "/fluent-bit/configs/parse-json.conf"
        }
      },
      "logConfiguration": {
        "logDriver": "awslogs",
        "options": {
          "awslogs-group": "/ws25/logs/fluentbit",
          "awslogs-region": "ap-northeast-2",
          "awslogs-stream-prefix": "green"
        }
      }
    }
  ]
}
